

--
-- Base de datos: `deportistas`
--

-- --------------------------------------------------------

--
-- Estructura de tabla para la tabla `sport`
--

CREATE TABLE `sport` (
  `incr` int(11) NOT NULL,
  `id` int(11) NOT NULL,
  `name` varchar(255) COLLATE utf8_unicode_ci NOT NULL,
  `position` varchar(255) COLLATE utf8_unicode_ci NOT NULL,
  `carrier` varchar(255) COLLATE utf8_unicode_ci NOT NULL,
  `email` varchar(255) COLLATE utf8_unicode_ci NOT NULL,
  `sport` varchar(255) COLLATE utf8_unicode_ci NOT NULL
) ENGINE=InnoDB DEFAULT CHARSET=utf8 COLLATE=utf8_unicode_ci;

-- --------------------------------------------------------

--
-- Estructura de tabla para la tabla `status`
--

CREATE TABLE `status` (
  `id` int(11) NOT NULL,
  `name` varchar(45) DEFAULT NULL
) ENGINE=InnoDB DEFAULT CHARSET=utf8;

--
-- Volcado de datos para la tabla `status`
--

INSERT INTO `status` (`id`, `name`) VALUES
(1, 'Activo'),
(2, 'Inactivo');

-- --------------------------------------------------------

--
-- Estructura de tabla para la tabla `user`
--

CREATE TABLE `user` (
  `id` int(11) NOT NULL,
  `email` varchar(45) DEFAULT NULL,
  `password` varchar(45) DEFAULT NULL,
  `status_id` int(11) NOT NULL,
  `user_type_id` int(11) NOT NULL
) ENGINE=InnoDB DEFAULT CHARSET=utf8;

--
-- Volcado de datos para la tabla `user`
--

INSERT INTO `user` (`id`, `email`, `password`, `status_id`, `user_type_id`) VALUES
(1, 'd.mdo@upv.com', '123', 1, 2),
(2, 'd.mdo1@upv.com', '456', 1, 1),
(3, 'd.mdo2@upv.com', '789', 2, 1);

-- --------------------------------------------------------

--
-- Estructura de tabla para la tabla `user_log`
--

CREATE TABLE `user_log` (
  `id` int(11) NOT NULL,
  `date_logged_in` date DEFAULT NULL,
  `user_id` int(11) NOT NULL
) ENGINE=InnoDB DEFAULT CHARSET=utf8;

--
-- Volcado de datos para la tabla `user_log`
--

INSERT INTO `user_log` (`id`, `date_logged_in`, `user_id`) VALUES
(1, '1996-01-02', 1),
(2, '1996-01-02', 1),
(3, '1996-01-02', 2),
(4, '1996-01-02', 3);

-- --------------------------------------------------------

--
-- Estructura de tabla para la tabla `user_type`
--

CREATE TABLE `user_type` (
  `id` int(11) NOT NULL,
  `name` varchar(45) DEFAULT NULL
) ENGINE=InnoDB DEFAULT CHARSET=utf8;

--
-- Volcado de datos para la tabla `user_type`
--

INSERT INTO `user_type` (`id`, `name`) VALUES
(1, 'Final'),
(2, 'Admin');

--
-- Índices para tablas volcadas
--

--
-- Indices de la tabla `sport`
--
ALTER TABLE `sport`
  ADD PRIMARY KEY (`incr`);

--
-- Indices de la tabla `status`
--
ALTER TABLE `status`
  ADD PRIMARY KEY (`id`);

--
-- Indices de la tabla `user`
--
ALTER TABLE `user`
  ADD PRIMARY KEY (`id`),
  ADD KEY `fk_user_status_idx` (`status_id`),
  ADD KEY `fk_user_user_type1_idx` (`user_type_id`);

--
-- Indices de la tabla `user_log`
--
ALTER TABLE `user_log`
  ADD PRIMARY KEY (`id`),
  ADD KEY `fk_user_log_user1_idx` (`user_id`);

--
-- Indices de la tabla `user_type`
--
ALTER TABLE `user_type`
  ADD PRIMARY KEY (`id`);

--
-- AUTO_INCREMENT de las tablas volcadas
--

--
-- AUTO_INCREMENT de la tabla `sport`
--
ALTER TABLE `sport`
  MODIFY `incr` int(11) NOT NULL AUTO_INCREMENT, AUTO_INCREMENT=3;
--
-- AUTO_INCREMENT de la tabla `status`
--
ALTER TABLE `status`
  MODIFY `id` int(11) NOT NULL AUTO_INCREMENT, AUTO_INCREMENT=3;
--
-- AUTO_INCREMENT de la tabla `user`
--
ALTER TABLE `user`
  MODIFY `id` int(11) NOT NULL AUTO_INCREMENT, AUTO_INCREMENT=4;
--
-- AUTO_INCREMENT de la tabla `user_log`
--
ALTER TABLE `user_log`
  MODIFY `id` int(11) NOT NULL AUTO_INCREMENT, AUTO_INCREMENT=5;
--
-- AUTO_INCREMENT de la tabla `user_type`
--
ALTER TABLE `user_type`
  MODIFY `id` int(11) NOT NULL AUTO_INCREMENT, AUTO_INCREMENT=3;
--
-- Restricciones para tablas volcadas
--

--
-- Filtros para la tabla `user`
--
ALTER TABLE `user`
  ADD CONSTRAINT `fk_user_status` FOREIGN KEY (`status_id`) REFERENCES `status` (`id`) ON DELETE NO ACTION ON UPDATE NO ACTION,
  ADD CONSTRAINT `fk_user_user_type1` FOREIGN KEY (`user_type_id`) REFERENCES `user_type` (`id`) ON DELETE NO ACTION ON UPDATE NO ACTION;

--
-- Filtros para la tabla `user_log`
--
ALTER TABLE `user_log`
  ADD CONSTRAINT `fk_user_log_user1` FOREIGN KEY (`user_id`) REFERENCES `user` (`id`) ON DELETE NO ACTION ON UPDATE NO ACTION;
COMMIT;

